id,itemName,category,quantity,price,supplier
SKU-29067,Hydro Flask Camping Lantern LED - Ultra,Fitness & Outdoors,6,64.58,Hydro Flask
SKU-47387,Serta LED Desk Lamp - Classic,Furniture,126,108.18,Serta
SKU-79279,CamelBak Foam Roller - Classic,Fitness & Outdoors,73,68.71,CamelBak
SKU-38320,Lamy Precision Scissors - Classic,Stationery,7,6.72,Lamy
SKU-95408,Instant Pot French Press Coffee Maker - Classic,Kitchenware,99,37.36,Instant Pot
SKU-50379,Serta File Cabinet - Premium,Furniture,4,128.69,Serta
SKU-28211,TP-Link Dual Monitor Mount - Plus,Electronics,106,104.71,TP-Link
SKU-13621,Yankee Candle Faux Succulent Trio - Basic,Home Decor,64,13.67,Yankee Candle
SKU-78205,Crate & Barrel Minimalist Wall Clock,Home Decor,135,8.3,Crate & Barrel
SKU-46248,Pottery Barn Throw Pillow Cover Set - Pro Edition,Home Decor,0,39.9,Pottery Barn
SKU-60482,TP-Link Bluetooth Earbuds - Pro Edition,Electronics,53,81.23,TP-Link
SKU-23126,Gaiam Running Waist Pack,Fitness & Outdoors,80,70.07,Gaiam
SKU-69785,Instant Pot Knife Sharpener - Pro Edition,Kitchenware,8,28.46,Instant Pot
SKU-79634,TP-Link 1080p Webcam - Plus,Electronics,22,52.7,TP-Link
SKU-65140,OXO Digital Kitchen Scale - Plus,Kitchenware,81,60.64,OXO
SKU-65309,Sony Laptop Stand - Classic,Electronics,2,56.37,Sony
SKU-82220,Moleskine Gel Pen Set (12-pack) - Pro Edition,Stationery,21,28.79,Moleskine
SKU-99941,IKEA LED Desk Lamp - Classic,Furniture,5,170.13,IKEA
SKU-84755,Nivea Hand Cream - Basic,Beauty & Personal Care,85,10.81,Nivea
SKU-37147,Corsair Noise-Canceling Headphones - Ultra,Electronics,72,125.91,Corsair
SKU-22302,Fitbit Agility Ladder - Pro Edition,Fitness & Outdoors,37,108.38,Fitbit
SKU-49485,Wayfair Monitor Stand Riser - Pro Edition,Furniture,132,182.12,Wayfair
SKU-79480,Sharpie Fountain Pen - Plus,Stationery,94,18.05,Sharpie
SKU-78206,Instant Pot Chef Knife 8-inch,Kitchenware,16,88.45,Instant Pot
SKU-21846,Lamy Heavy Duty Stapler - Classic,Stationery,5,17.68,Lamy
SKU-22659,Post-it Heavy Duty Stapler - Premium,Stationery,71,4.71,Post-it
SKU-14206,Champion Performance Joggers - Basic,Apparel,132,22.43,Champion
SKU-71040,Serta Swivel Bar Stool,Furniture,90,54.2,Serta
SKU-75530,Razer USB-C Hub (6-in-1) - Premium,Electronics,101,110.98,Razer
SKU-88674,Sharpie Fountain Pen - Basic,Stationery,71,11.53,Sharpie
SKU-87888,Threshold Scented Soy Candle - Basic,Home Decor,0,16.27,Threshold
SKU-28159,Bodum Over-the-Sink Colander - Basic,Kitchenware,8,22.74,Bodum
SKU-33070,Lodge Mixing Bowl Set - Basic,Kitchenware,55,13.4,Lodge
SKU-10003,Lululemon Waterproof Backpack 30L - Classic,Fitness & Outdoors,119,32.31,Lululemon
SKU-79902,TP-Link Wireless Charging Pad - Pro Edition,Electronics,100,55.22,TP-Link
SKU-21361,L'Oreal Makeup Sponge Set - Ultra,Beauty & Personal Care,54,28.81,L'Oreal
SKU-90438,Paper Mate Binder Clips Set - Basic,Stationery,10,34.49,Paper Mate
SKU-28559,L'Oreal Makeup Sponge Set - Premium,Beauty & Personal Care,116,26.12,L'Oreal
SKU-51512,West Elm Faux Succulent Trio - Pro Edition,Home Decor,47,19.66,West Elm
SKU-50133,Champion Cotton Crewneck T-Shirt - Basic,Apparel,33,44.13,Champion
SKU-19457,Pilot Heavy Duty Stapler - Premium,Stationery,130,5.4,Pilot
SKU-70113,Mead Fountain Pen - Pro Edition,Stationery,38,9.08,Mead
SKU-94887,Target Faux Succulent Trio - Plus,Home Decor,6,31.57,Target
SKU-60458,Pyrex Cast Iron Skillet - Premium,Kitchenware,77,82.5,Pyrex
SKU-85797,Gatorade Bike Helmet - Classic,Fitness & Outdoors,40,45.58,Gatorade
SKU-68854,Columbia Performance Joggers - Premium,Apparel,31,28.6,Columbia
SKU-73911,Gildan Performance Joggers - Basic,Apparel,78,48.54,Gildan
SKU-76435,Moleskine Dry Erase Markers (8-pack) - Classic,Stationery,131,27.49,Moleskine
SKU-91938,Gaiam Resistance Band Set (5 levels) - Classic,Fitness & Outdoors,0,92.68,Gaiam
SKU-13825,Steelcase Folding Utility Table - Ultra,Furniture,134,186.49,Steelcase
SKU-90488,Bodum Citrus Juicer - Pro Edition,Kitchenware,6,58.15,Bodum
SKU-32658,IKEA Wooden Side Table - Ultra,Furniture,1,269.2,IKEA
SKU-25509,Adidas Canvas Sneaker,Apparel,134,48.29,Adidas
SKU-33976,Target Wooden Photo Frame 8x10 - Premium,Home Decor,121,26.83,Target
SKU-31728,Steelcase Floor Cushion - Plus,Furniture,0,105.53,Steelcase
SKU-21390,CamelBak Camping Lantern LED - Ultra,Fitness & Outdoors,2,96.82,CamelBak
SKU-15176,Target Faux Succulent Trio - Basic,Home Decor,18,52.69,Target
SKU-25428,Pyrex French Press Coffee Maker - Basic,Kitchenware,81,78.82,Pyrex
SKU-15824,Wayfair LED Desk Lamp - Plus,Furniture,75,37.24,Wayfair
SKU-37945,Target Throw Pillow Cover Set - Basic,Home Decor,34,10.61,Target
SKU-38407,TP-Link Power Bank 20000mAh - Ultra,Electronics,0,52.27,TP-Link
SKU-35976,Columbia Knit Beanie - Classic,Apparel,8,51.52,Columbia
SKU-16254,Gaiam Ultralight Sleeping Bag - Classic,Fitness & Outdoors,127,97.52,Gaiam
SKU-55396,Nike Performance Joggers - Classic,Apparel,69,21.86,Nike
SKU-67735,Sony HDMI Cable (2m) - Plus,Electronics,0,132.88,Sony
SKU-72164,Coleman Resistance Band Set (5 levels) - Premium,Fitness & Outdoors,5,96.59,Coleman
SKU-74671,West Elm Faux Succulent Trio - Pro Edition,Home Decor,19,48.14,West Elm
SKU-31577,Philips Sunscreen SPF 50 - Plus,Beauty & Personal Care,133,17.03,Philips
SKU-69296,Yankee Candle Desktop Fountain - Basic,Home Decor,0,35.57,Yankee Candle
SKU-31053,Burt's Bees Exfoliating Scrub - Classic,Beauty & Personal Care,37,35.23,Burt's Bees
SKU-33589,Puma Fleece Hoodie - Pro Edition,Apparel,148,37.19,Puma
SKU-81296,OXO French Press Coffee Maker - Pro Edition,Kitchenware,32,47.65,OXO
SKU-81559,OXO Non-Stick Frying Pan,Kitchenware,13,84.32,OXO
SKU-56555,Pyrex Toaster 2-Slice - Ultra,Kitchenware,0,27.0,Pyrex
SKU-32182,Mead Weekly Planner - Ultra,Stationery,133,4.24,Mead
SKU-94003,HydroFlask Over-the-Sink Colander - Pro Edition,Kitchenware,8,73.08,HydroFlask
SKU-33787,Fully Mesh Back Task Chair - Premium,Furniture,148,166.21,Fully
SKU-61352,Nike Knit Beanie,Apparel,79,24.75,Nike
SKU-30705,Garmin Bike Helmet - Plus,Fitness & Outdoors,33,56.54,Garmin
SKU-94438,Nivea Electric Toothbrush - Ultra,Beauty & Personal Care,101,21.2,Nivea
SKU-73217,Pyrex Toaster 2-Slice - Pro Edition,Kitchenware,2,27.82,Pyrex
SKU-92250,Gatorade Camping Lantern LED - Pro Edition,Fitness & Outdoors,0,11.08,Gatorade
SKU-27619,OGX Aloe Vera Soothing Gel - Classic,Beauty & Personal Care,134,65.48,OGX
SKU-74245,Puma Lightweight Windbreaker - Basic,Apparel,95,42.47,Puma
SKU-44293,Yankee Candle Faux Succulent Trio - Plus,Home Decor,8,33.07,Yankee Candle
SKU-91386,Under Armour Canvas Sneaker - Pro Edition,Apparel,3,36.45,Under Armour
SKU-98884,Yankee Candle Minimalist Wall Clock - Basic,Home Decor,0,16.8,Yankee Candle
SKU-43473,Adidas Canvas Sneaker - Pro Edition,Apparel,49,36.16,Adidas
SKU-19862,Burt's Bees Beard Oil - Pro Edition,Beauty & Personal Care,0,16.95,Burt's Bees
SKU-24068,Threshold Ceramic Flower Vase - Ultra,Home Decor,107,8.61,Threshold
SKU-58247,Nivea Beard Oil - Pro Edition,Beauty & Personal Care,32,42.14,Nivea
SKU-76497,Pilot Leather Journal - Ultra,Stationery,75,31.18,Pilot
SKU-69508,Pottery Barn String Fairy Lights - Ultra,Home Decor,146,21.31,Pottery Barn
SKU-25754,Cuisinart Food Storage Container Set - Pro Edition,Kitchenware,4,58.49,Cuisinart
SKU-77888,Fully File Cabinet,Furniture,5,388.47,Fully
SKU-83921,Lamy Sticky Notes (6-pack) - Basic,Stationery,63,20.05,Lamy
SKU-52839,Threshold Ceramic Flower Vase - Plus,Home Decor,31,37.67,Threshold
SKU-89540,Cuisinart Chef Knife 8-inch - Plus,Kitchenware,3,65.87,Cuisinart
SKU-15276,Columbia Classic Baseball Cap,Apparel,16,60.43,Columbia
SKU-98554,Wayfair LED Desk Lamp - Premium,Furniture,0,39.15,Wayfair
SKU-32342,Pilot Graph Paper Notebook - Premium,Stationery,21,33.1,Pilot
SKU-40936,Logitech Bluetooth Earbuds - Ultra,Electronics,138,136.3,Logitech
SKU-13394,Moleskine Dry Erase Markers (8-pack),Stationery,105,10.51,Moleskine
SKU-44951,West Elm LED Digital Alarm Clock - Premium,Home Decor,58,38.39,West Elm
SKU-97943,Gatorade Stainless Steel Shaker Bottle - Classic,Fitness & Outdoors,147,55.7,Gatorade
SKU-88947,Gildan Compression Shirt - Ultra,Apparel,118,41.58,Gildan
SKU-46654,Pottery Barn Table Runner - Basic,Home Decor,0,46.47,Pottery Barn
SKU-40389,Gildan Athletic Running Shorts - Pro Edition,Apparel,102,68.68,Gildan
SKU-95096,Dove Exfoliating Scrub - Classic,Beauty & Personal Care,8,27.72,Dove
SKU-73188,Lamy Desktop Organizer - Premium,Stationery,25,26.44,Lamy
SKU-31813,Under Armour Canvas Sneaker - Premium,Apparel,0,70.66,Under Armour
SKU-20271,JBL Wireless Mouse,Electronics,102,13.55,JBL
SKU-58990,Ashley Furniture Adjustable Standing Desk - Pro Edition,Furniture,139,68.37,Ashley Furniture
SKU-15029,Pilot Dry Erase Markers (8-pack) - Basic,Stationery,66,27.99,Pilot
SKU-70200,Adidas Cotton Crewneck T-Shirt,Apparel,93,37.92,Adidas
SKU-28117,IKEA Swivel Bar Stool - Premium,Furniture,77,33.87,IKEA
SKU-63693,Threshold Desktop Fountain - Basic,Home Decor,0,21.02,Threshold
SKU-73336,Fully Mesh Back Task Chair - Plus,Furniture,128,298.18,Fully
SKU-65936,Levi's Knit Beanie - Plus,Apparel,0,30.9,Levi's
SKU-22907,Nivea Tea Tree Shampoo - Pro Edition,Beauty & Personal Care,33,32.12,Nivea
SKU-86699,Post-it Gel Pen Set (12-pack),Stationery,32,31.51,Post-it
SKU-89988,Coleman Ultralight Sleeping Bag - Basic,Fitness & Outdoors,69,66.59,Coleman
SKU-29874,Pottery Barn Minimalist Wall Clock - Premium,Home Decor,36,16.42,Pottery Barn
SKU-99751,Threshold Desktop Fountain - Premium,Home Decor,119,32.51,Threshold
SKU-99487,Cuisinart Non-Stick Frying Pan - Pro Edition,Kitchenware,85,81.54,Cuisinart
SKU-75295,Ashley Furniture Wooden Side Table - Ultra,Furniture,100,70.25,Ashley Furniture
SKU-19838,Belkin Wireless Charging Pad,Electronics,8,12.69,Belkin
SKU-93202,SanDisk Laptop Stand - Classic,Electronics,138,44.94,SanDisk
SKU-81364,West Elm Faux Succulent Trio - Pro Edition,Home Decor,113,43.21,West Elm
SKU-66872,Adidas Lightweight Windbreaker - Plus,Apparel,129,27.36,Adidas
SKU-48821,Samsung Dual Monitor Mount - Classic,Electronics,21,64.29,Samsung
SKU-68248,Pyrex Electric Kettle - Classic,Kitchenware,123,70.81,Pyrex
SKU-49798,Instant Pot Digital Kitchen Scale - Ultra,Kitchenware,140,50.99,Instant Pot
SKU-17732,Anker Bluetooth Earbuds - Basic,Electronics,38,90.94,Anker
SKU-32420,Dove Moisturizing Lotion,Beauty & Personal Care,0,63.99,Dove
SKU-35505,Lodge Toaster 2-Slice - Plus,Kitchenware,66,31.63,Lodge
SKU-91198,Crate & Barrel Essential Oil Diffuser - Ultra,Home Decor,142,30.12,Crate & Barrel
SKU-37052,Lululemon Agility Ladder - Plus,Fitness & Outdoors,0,77.32,Lululemon
SKU-91453,Anker Noise-Canceling Headphones - Pro Edition,Electronics,132,86.64,Anker
SKU-96468,Serta Monitor Stand Riser - Plus,Furniture,4,90.44,Serta
SKU-34494,Moleskine Fountain Pen - Ultra,Stationery,6,5.77,Moleskine
SKU-77439,Crate & Barrel Wooden Photo Frame 8x10 - Premium,Home Decor,135,54.89,Crate & Barrel
SKU-79365,Calphalon Mixing Bowl Set - Plus,Kitchenware,0,56.35,Calphalon
SKU-20609,Pottery Barn Faux Succulent Trio - Plus,Home Decor,10,10.83,Pottery Barn
SKU-49164,Nike Classic Baseball Cap - Classic,Apparel,1,57.92,Nike
SKU-76415,SanDisk Bluetooth Speaker - Ultra,Electronics,44,109.43,SanDisk
SKU-11244,Gildan Athletic Running Shorts - Classic,Apparel,108,24.98,Gildan
SKU-25201,Adidas Leather Belt - Plus,Apparel,44,36.09,Adidas
SKU-43819,TP-Link Dual Monitor Mount,Electronics,30,115.83,TP-Link
SKU-35751,Burt's Bees Hydrating Face Wash - Plus,Beauty & Personal Care,112,50.86,Burt's Bees
SKU-50189,Fully Folding Utility Table - Basic,Furniture,107,70.67,Fully
SKU-89504,Swingline Heavy Duty Stapler - Ultra,Stationery,118,15.13,Swingline
SKU-33962,Nivea Organic Lip Balm (4-pack) - Basic,Beauty & Personal Care,72,54.09,Nivea
SKU-72236,Post-it Weekly Planner - Premium,Stationery,95,14.57,Post-it
SKU-62449,Puma Performance Joggers - Classic,Apparel,9,22.58,Puma
SKU-34705,Fully Swivel Bar Stool - Premium,Furniture,115,396.05,Fully
SKU-59840,Paper Mate Desktop Organizer - Ultra,Stationery,11,31.3,Paper Mate
SKU-64541,Fully Adjustable Standing Desk - Ultra,Furniture,86,61.46,Fully
SKU-67350,HydroFlask Mixing Bowl Set,Kitchenware,68,87.08,HydroFlask
SKU-14876,SanDisk Wireless Mouse - Ultra,Electronics,83,22.38,SanDisk
SKU-46252,Dove Hand Cream - Pro Edition,Beauty & Personal Care,147,19.09,Dove
SKU-20262,Instant Pot Stainless Steel Water Bottle - Basic,Kitchenware,108,35.57,Instant Pot
SKU-85906,Puma Canvas Sneaker - Classic,Apparel,15,54.51,Puma
SKU-52906,Threshold Essential Oil Diffuser,Home Decor,1,25.74,Threshold
SKU-96628,Columbia Compression Shirt - Ultra,Apparel,47,47.65,Columbia
SKU-74922,Anker Mechanical Keyboard - Ultra,Electronics,48,70.01,Anker
SKU-53293,Pyrex Electric Kettle - Plus,Kitchenware,58,53.77,Pyrex
SKU-87893,CeraVe Sunscreen SPF 50 - Basic,Beauty & Personal Care,115,54.22,CeraVe
SKU-88939,Neutrogena Bath Bombs Set - Premium,Beauty & Personal Care,0,12.54,Neutrogena
SKU-43256,West Elm Faux Succulent Trio - Ultra,Home Decor,116,38.72,West Elm
SKU-73330,Cuisinart Electric Kettle - Pro Edition,Kitchenware,29,67.17,Cuisinart
SKU-49292,Calphalon Electric Kettle - Basic,Kitchenware,132,36.5,Calphalon
SKU-25447,Nike Cushioned Athletic Socks (6-pack) - Pro Edition,Apparel,77,51.98,Nike
SKU-59720,Fully Memory Foam Footrest - Plus,Furniture,10,327.02,Fully
SKU-80955,MugCo Non-Stick Frying Pan,Kitchenware,54,11.94,MugCo
SKU-43230,Yankee Candle String Fairy Lights - Ultra,Home Decor,106,45.53,Yankee Candle
SKU-63772,Levi's Cotton Crewneck T-Shirt - Ultra,Apparel,0,48.47,Levi's
SKU-45379,Pottery Barn LED Digital Alarm Clock,Home Decor,74,33.22,Pottery Barn
SKU-70659,Cuisinart Electric Kettle - Basic,Kitchenware,3,68.85,Cuisinart
SKU-78822,Pottery Barn Ceramic Flower Vase - Basic,Home Decor,5,23.25,Pottery Barn
SKU-36643,Razer USB-C Cable (1m) - Premium,Electronics,77,119.72,Razer
SKU-94407,Post-it Binder Clips Set - Premium,Stationery,44,29.63,Post-it
SKU-33424,OGX Organic Lip Balm (4-pack) - Ultra,Beauty & Personal Care,101,43.68,OGX
SKU-19167,Lodge Chef Knife 8-inch,Kitchenware,2,69.11,Lodge
SKU-50899,JBL Dual Monitor Mount,Electronics,115,48.23,JBL
SKU-75695,Gatorade Waterproof Backpack 30L - Plus,Fitness & Outdoors,107,110.31,Gatorade
SKU-39438,Crate & Barrel Wooden Photo Frame 8x10,Home Decor,101,24.73,Crate & Barrel
SKU-40941,IKEA Swivel Bar Stool - Premium,Furniture,0,28.93,IKEA
SKU-62883,IKEA Folding Utility Table - Classic,Furniture,0,38.1,IKEA
SKU-45912,IKEA Adjustable Standing Desk - Classic,Furniture,100,92.0,IKEA
SKU-37830,Pyrex Knife Sharpener - Classic,Kitchenware,70,23.85,Pyrex
SKU-62607,Lodge Silicone Cooking Utensils (10-pack) - Ultra,Kitchenware,72,14.1,Lodge
SKU-72311,Nike Athletic Running Shorts - Premium,Apparel,15,59.51,Nike
SKU-82073,SanDisk Laptop Stand - Ultra,Electronics,5,63.62,SanDisk
SKU-35942,Lululemon Foam Roller - Premium,Fitness & Outdoors,50,95.92,Lululemon
SKU-53462,Gaiam Trekking Poles - Ultra,Fitness & Outdoors,0,108.58,Gaiam
SKU-84036,Swingline Sticky Notes (6-pack) - Basic,Stationery,93,19.81,Swingline
SKU-19603,Herman Miller File Cabinet - Ultra,Furniture,0,115.29,Herman Miller
SKU-58999,Ashley Furniture Ergonomic Office Chair - Premium,Furniture,43,381.38,Ashley Furniture
SKU-78355,Moleskine Dry Erase Markers (8-pack) - Basic,Stationery,113,9.32,Moleskine
SKU-69915,CeraVe Bath Bombs Set - Basic,Beauty & Personal Care,117,34.09,CeraVe
SKU-50486,Cuisinart Knife Sharpener - Classic,Kitchenware,84,15.99,Cuisinart
SKU-63636,Pyrex Citrus Juicer - Pro Edition,Kitchenware,0,60.04,Pyrex
SKU-76166,Post-it Sticky Notes (6-pack) - Pro Edition,Stationery,134,33.42,Post-it
SKU-50894,West Elm Ceramic Flower Vase - Ultra,Home Decor,136,10.43,West Elm
SKU-43345,Pyrex Stainless Steel Water Bottle - Pro Edition,Kitchenware,100,65.65,Pyrex
SKU-83365,Wayfair Ergonomic Office Chair - Plus,Furniture,11,76.65,Wayfair
SKU-21569,Post-it Weekly Planner - Premium,Stationery,136,7.76,Post-it
SKU-69017,Wayfair Wooden Side Table - Pro Edition,Furniture,69,244.27,Wayfair
SKU-70822,Yankee Candle Scented Soy Candle - Classic,Home Decor,56,41.46,Yankee Candle
SKU-53387,Crate & Barrel LED Digital Alarm Clock - Plus,Home Decor,135,29.11,Crate & Barrel
SKU-67161,Yankee Candle Table Runner - Plus,Home Decor,0,52.67,Yankee Candle
SKU-42307,Swingline Fountain Pen,Stationery,143,13.75,Swingline
SKU-67148,Gaiam Running Waist Pack,Fitness & Outdoors,27,12.76,Gaiam
SKU-66884,L'Oreal Makeup Sponge Set,Beauty & Personal Care,57,15.42,L'Oreal
SKU-49372,Wayfair Memory Foam Footrest - Basic,Furniture,30,314.62,Wayfair
SKU-69931,Mead Binder Clips Set,Stationery,136,25.37,Mead
SKU-19048,Swingline Dry Erase Markers (8-pack) - Premium,Stationery,66,9.12,Swingline
SKU-29329,Coleman Ultralight Sleeping Bag - Classic,Fitness & Outdoors,21,76.44,Coleman
SKU-45633,Fully File Cabinet - Premium,Furniture,4,161.57,Fully
SKU-10918,Steelcase Adjustable Standing Desk - Ultra,Furniture,148,233.93,Steelcase
SKU-52487,Instant Pot Non-Stick Frying Pan - Pro Edition,Kitchenware,145,69.02,Instant Pot
SKU-13931,Fully File Cabinet - Pro Edition,Furniture,86,146.99,Fully
SKU-12509,West Elm Table Runner,Home Decor,5,53.7,West Elm
SKU-42936,Wayfair Floor Cushion - Plus,Furniture,9,79.35,Wayfair
SKU-82283,Garmin Trekking Poles - Ultra,Fitness & Outdoors,4,102.6,Garmin
SKU-86510,Instant Pot Over-the-Sink Colander - Pro Edition,Kitchenware,37,12.02,Instant Pot
SKU-21527,Nivea Bath Bombs Set - Premium,Beauty & Personal Care,119,6.34,Nivea
SKU-51086,Anker Wireless Charging Pad - Ultra,Electronics,106,23.23,Anker
SKU-83890,Ashley Furniture Floor Cushion,Furniture,58,31.39,Ashley Furniture
SKU-34183,OGX Sunscreen SPF 50 - Ultra,Beauty & Personal Care,86,39.03,OGX
SKU-17411,HydroFlask Ceramic Coffee Mug - Ultra,Kitchenware,94,87.66,HydroFlask
SKU-60882,Under Armour Lightweight Windbreaker - Classic,Apparel,10,31.44,Under Armour
SKU-57432,Philips Hand Cream - Plus,Beauty & Personal Care,16,58.97,Philips
SKU-77940,Ashley Furniture Folding Utility Table - Premium,Furniture,107,399.72,Ashley Furniture
SKU-59063,Ashley Furniture Monitor Stand Riser - Basic,Furniture,10,239.69,Ashley Furniture
SKU-45817,Swingline Dry Erase Markers (8-pack),Stationery,53,13.06,Swingline
SKU-50339,JBL HDMI Cable (2m) - Plus,Electronics,11,105.91,JBL
SKU-20947,Columbia Classic Baseball Cap - Classic,Apparel,13,46.27,Columbia
SKU-99682,Crate & Barrel String Fairy Lights - Premium,Home Decor,33,40.6,Crate & Barrel
SKU-15768,Champion Cotton Crewneck T-Shirt - Premium,Apparel,62,73.11,Champion
SKU-55925,Mead Precision Scissors - Basic,Stationery,85,25.68,Mead
SKU-43087,TP-Link Wireless Mouse - Ultra,Electronics,3,42.54,TP-Link
SKU-35107,Gaiam Ultralight Sleeping Bag - Classic,Fitness & Outdoors,119,91.13,Gaiam
SKU-25682,Levi's Cushioned Athletic Socks (6-pack) - Pro Edition,Apparel,16,53.57,Levi's
SKU-60713,Gildan Performance Joggers - Premium,Apparel,1,51.22,Gildan
SKU-10204,Coleman Bike Helmet,Fitness & Outdoors,103,102.15,Coleman
SKU-68285,West Elm Essential Oil Diffuser - Classic,Home Decor,56,14.65,West Elm
SKU-86834,Sony Laptop Sleeve 15-inch - Basic,Electronics,24,118.74,Sony
SKU-42087,Champion Cotton Crewneck T-Shirt - Premium,Apparel,149,27.59,Champion
SKU-32925,Hydro Flask Foam Roller - Plus,Fitness & Outdoors,47,99.45,Hydro Flask
SKU-25502,Corsair USB-C Cable (1m) - Pro Edition,Electronics,68,22.81,Corsair
SKU-77302,Fitbit Eco-Friendly Yoga Mat - Ultra,Fitness & Outdoors,136,73.09,Fitbit
SKU-21495,Fitbit Microfiber Travel Towel - Ultra,Fitness & Outdoors,101,74.66,Fitbit
SKU-56355,Bodum French Press Coffee Maker - Ultra,Kitchenware,97,52.82,Bodum
SKU-16297,IKEA File Cabinet,Furniture,42,222.41,IKEA
SKU-63151,OXO Chef Knife 8-inch - Pro Edition,Kitchenware,1,65.46,OXO
SKU-86937,Burt's Bees Aloe Vera Soothing Gel - Basic,Beauty & Personal Care,44,64.49,Burt's Bees
SKU-34113,Target Desktop Fountain - Ultra,Home Decor,96,41.21,Target
SKU-98207,L'Oreal Beard Oil - Basic,Beauty & Personal Care,0,34.04,L'Oreal
SKU-28725,L'Oreal Makeup Sponge Set - Ultra,Beauty & Personal Care,123,29.75,L'Oreal
SKU-74324,West Elm Wooden Photo Frame 8x10 - Classic,Home Decor,20,48.81,West Elm
SKU-97247,Puma Athletic Running Shorts - Ultra,Apparel,0,35.62,Puma
SKU-51590,Samsung Noise-Canceling Headphones - Premium,Electronics,2,34.58,Samsung
SKU-30804,Garmin Resistance Band Set (5 levels) - Basic,Fitness & Outdoors,9,49.05,Garmin
SKU-57924,Swingline Leather Journal - Premium,Stationery,2,13.48,Swingline
SKU-10727,Crate & Barrel Table Runner,Home Decor,34,46.14,Crate & Barrel
SKU-13351,Steelcase Mesh Back Task Chair - Pro Edition,Furniture,17,330.84,Steelcase
SKU-42813,Mead Leather Journal - Premium,Stationery,107,4.04,Mead
SKU-55125,Sharpie Heavy Duty Stapler - Premium,Stationery,147,34.99,Sharpie
SKU-62049,Puma Cotton Crewneck T-Shirt - Premium,Apparel,92,16.13,Puma
SKU-63979,IKEA Ergonomic Office Chair - Classic,Furniture,22,341.72,IKEA
SKU-72428,Target Scented Soy Candle - Plus,Home Decor,0,27.59,Target
SKU-74691,Yankee Candle Table Runner - Basic,Home Decor,96,25.8,Yankee Candle
SKU-94097,West Elm Scented Soy Candle - Basic,Home Decor,3,44.73,West Elm
SKU-51548,Steelcase 3-Tier Bookshelf - Classic,Furniture,95,110.0,Steelcase
SKU-91075,OGX Aloe Vera Soothing Gel - Plus,Beauty & Personal Care,0,34.52,OGX
SKU-12570,Philips Exfoliating Scrub - Classic,Beauty & Personal Care,63,64.97,Philips
SKU-74837,Threshold LED Digital Alarm Clock,Home Decor,0,11.08,Threshold
SKU-65550,Gildan Compression Shirt - Pro Edition,Apparel,122,74.5,Gildan
SKU-17819,Swingline Gel Pen Set (12-pack) - Premium,Stationery,11,29.46,Swingline
SKU-61342,SanDisk Cooling Pad,Electronics,35,133.6,SanDisk
SKU-70925,Lamy Binder Clips Set,Stationery,122,17.11,Lamy
SKU-45777,Lodge Citrus Juicer - Basic,Kitchenware,125,32.71,Lodge
SKU-12347,Mead Binder Clips Set - Ultra,Stationery,118,15.36,Mead
SKU-34902,Serta Mesh Back Task Chair,Furniture,36,113.32,Serta
SKU-58276,Neutrogena Electric Toothbrush - Plus,Beauty & Personal Care,74,46.35,Neutrogena
SKU-54322,Lululemon Foam Roller - Pro Edition,Fitness & Outdoors,9,82.95,Lululemon
SKU-24187,Coleman Trekking Poles - Basic,Fitness & Outdoors,1,44.75,Coleman
SKU-65197,CamelBak Foam Roller - Ultra,Fitness & Outdoors,104,46.98,CamelBak
SKU-93159,MugCo Electric Kettle - Premium,Kitchenware,40,80.64,MugCo
SKU-21258,Paper Mate Leather Journal,Stationery,14,9.36,Paper Mate
SKU-53872,West Elm Desktop Fountain - Pro Edition,Home Decor,0,50.49,West Elm
SKU-50038,Belkin Smart Plug Wi-Fi,Electronics,136,35.48,Belkin
SKU-65365,CamelBak Resistance Band Set (5 levels) - Basic,Fitness & Outdoors,42,77.36,CamelBak
SKU-42072,L'Oreal Sunscreen SPF 50 - Basic,Beauty & Personal Care,23,10.99,L'Oreal
SKU-50346,Gildan Classic Baseball Cap - Pro Edition,Apparel,50,31.87,Gildan
SKU-35325,Puma Puffer Vest - Basic,Apparel,77,12.51,Puma
SKU-45227,Samsung HDMI Cable (2m) - Plus,Electronics,44,82.07,Samsung
SKU-20655,Levi's Classic Baseball Cap - Classic,Apparel,103,22.7,Levi's
SKU-41884,JBL 1080p Webcam - Premium,Electronics,10,13.44,JBL
SKU-65278,Fitbit Stainless Steel Shaker Bottle - Plus,Fitness & Outdoors,2,21.95,Fitbit
SKU-16282,Swingline Sticky Notes (6-pack) - Classic,Stationery,6,22.52,Swingline
SKU-47009,Lodge French Press Coffee Maker - Ultra,Kitchenware,122,58.32,Lodge
SKU-90618,Nike Athletic Running Shorts - Pro Edition,Apparel,8,16.35,Nike
SKU-81854,Fitbit Foam Roller - Pro Edition,Fitness & Outdoors,59,86.48,Fitbit
SKU-18707,Neutrogena Electric Toothbrush - Classic,Beauty & Personal Care,0,13.31,Neutrogena
SKU-86801,Belkin HDMI Cable (2m) - Ultra,Electronics,7,10.59,Belkin
SKU-78992,Gildan Canvas Sneaker,Apparel,0,27.43,Gildan
SKU-83878,Belkin Noise-Canceling Headphones - Classic,Electronics,4,148.67,Belkin
SKU-67002,Logitech Laptop Sleeve 15-inch - Classic,Electronics,64,142.27,Logitech
SKU-54670,Pilot Graph Paper Notebook - Premium,Stationery,77,29.75,Pilot
SKU-60446,Steelcase 3-Tier Bookshelf - Premium,Furniture,27,264.92,Steelcase
SKU-97052,Crate & Barrel Essential Oil Diffuser - Basic,Home Decor,0,9.86,Crate & Barrel
SKU-98019,Coleman Trekking Poles - Ultra,Fitness & Outdoors,0,34.39,Coleman
SKU-58464,Sony LED Strip Lights (5m) - Pro Edition,Electronics,140,23.57,Sony
SKU-93107,Corsair USB-C Cable (1m) - Premium,Electronics,76,89.1,Corsair
SKU-44043,Bodum Electric Kettle - Basic,Kitchenware,85,44.44,Bodum
SKU-75364,Paper Mate Gel Pen Set (12-pack) - Premium,Stationery,3,21.05,Paper Mate
SKU-15200,Nivea Exfoliating Scrub - Plus,Beauty & Personal Care,7,66.91,Nivea
SKU-75453,Threshold Wooden Photo Frame 8x10 - Pro Edition,Home Decor,3,34.01,Threshold
SKU-79496,MugCo Citrus Juicer - Ultra,Kitchenware,20,48.36,MugCo
SKU-50153,Nike Lightweight Windbreaker - Classic,Apparel,120,30.86,Nike
SKU-74621,Yankee Candle Desktop Fountain - Classic,Home Decor,10,12.29,Yankee Candle
SKU-35313,Coleman Stainless Steel Shaker Bottle - Basic,Fitness & Outdoors,65,11.08,Coleman
SKU-99015,Paper Mate Precision Scissors - Basic,Stationery,114,8.21,Paper Mate
SKU-87034,Threshold Desktop Fountain - Classic,Home Decor,34,17.19,Threshold
SKU-83816,Garmin Foam Roller - Classic,Fitness & Outdoors,35,99.11,Garmin
SKU-47588,Garmin Resistance Band Set (5 levels) - Plus,Fitness & Outdoors,147,102.21,Garmin
SKU-16634,Lodge Food Storage Container Set - Plus,Kitchenware,55,85.94,Lodge
SKU-14638,L'Oreal Makeup Sponge Set - Pro Edition,Beauty & Personal Care,13,65.4,L'Oreal
SKU-94847,Moleskine Desktop Organizer - Premium,Stationery,20,16.32,Moleskine
SKU-77680,Swingline Heavy Duty Stapler - Pro Edition,Stationery,1,34.5,Swingline
SKU-49995,Post-it Gel Pen Set (12-pack) - Plus,Stationery,9,12.24,Post-it
SKU-12295,Anker Power Bank 20000mAh - Classic,Electronics,6,60.88,Anker
SKU-11293,L'Oreal Exfoliating Scrub - Plus,Beauty & Personal Care,29,15.73,L'Oreal
SKU-89654,Fully Adjustable Standing Desk - Classic,Furniture,1,267.88,Fully
SKU-80971,Hydro Flask Agility Ladder - Classic,Fitness & Outdoors,53,91.76,Hydro Flask
SKU-45309,Cuisinart Food Storage Container Set - Premium,Kitchenware,82,13.2,Cuisinart
SKU-41200,Sony Wireless Mouse,Electronics,17,28.9,Sony
SKU-75941,Coleman Resistance Band Set (5 levels) - Pro Edition,Fitness & Outdoors,124,20.16,Coleman
SKU-37269,Herman Miller Memory Foam Footrest,Furniture,0,182.09,Herman Miller
SKU-36156,Post-it Fountain Pen - Plus,Stationery,81,24.12,Post-it
SKU-42107,Adidas Cushioned Athletic Socks (6-pack),Apparel,12,73.8,Adidas
SKU-91958,Bodum Knife Sharpener - Pro Edition,Kitchenware,22,83.81,Bodum
SKU-38602,Razer 1080p Webcam - Premium,Electronics,63,103.26,Razer
SKU-44691,Levi's Cushioned Athletic Socks (6-pack) - Premium,Apparel,127,37.22,Levi's
SKU-83778,Samsung 1080p Webcam,Electronics,19,79.76,Samsung
SKU-63529,Pilot Heavy Duty Stapler - Premium,Stationery,131,21.97,Pilot
SKU-48535,OGX Aloe Vera Soothing Gel - Basic,Beauty & Personal Care,117,22.52,OGX
SKU-16630,Yankee Candle Scented Soy Candle - Classic,Home Decor,0,30.6,Yankee Candle
SKU-82896,TP-Link 1080p Webcam - Ultra,Electronics,0,23.3,TP-Link
SKU-87380,Calphalon Citrus Juicer - Premium,Kitchenware,133,78.94,Calphalon
SKU-94758,Sony HDMI Cable (2m) - Plus,Electronics,29,82.76,Sony
SKU-49952,Fitbit Waterproof Backpack 30L - Ultra,Fitness & Outdoors,15,84.26,Fitbit
SKU-68315,Columbia Cushioned Athletic Socks (6-pack) - Pro Edition,Apparel,142,16.15,Columbia
SKU-98704,Calphalon Chef Knife 8-inch - Premium,Kitchenware,10,20.37,Calphalon
SKU-81192,Instant Pot Food Storage Container Set,Kitchenware,84,58.17,Instant Pot
SKU-16901,Post-it Sticky Notes (6-pack) - Ultra,Stationery,10,33.57,Post-it
SKU-45124,Adidas Knit Beanie - Basic,Apparel,5,69.81,Adidas
SKU-48834,Bodum Silicone Cooking Utensils (10-pack) - Premium,Kitchenware,88,23.73,Bodum
SKU-12978,Steelcase Mesh Back Task Chair - Classic,Furniture,104,368.43,Steelcase
SKU-27620,Steelcase Folding Utility Table - Premium,Furniture,0,37.48,Steelcase
SKU-29859,Lululemon Bike Helmet - Premium,Fitness & Outdoors,116,105.98,Lululemon
SKU-13392,Moleskine Graph Paper Notebook - Premium,Stationery,94,31.74,Moleskine
SKU-36305,Mead Weekly Planner - Basic,Stationery,41,7.05,Mead
SKU-12536,HydroFlask Knife Sharpener,Kitchenware,98,18.1,HydroFlask
SKU-26497,CeraVe Aloe Vera Soothing Gel - Classic,Beauty & Personal Care,42,20.89,CeraVe
SKU-98096,Steelcase Folding Utility Table - Premium,Furniture,0,35.85,Steelcase
SKU-75946,Hydro Flask Trekking Poles,Fitness & Outdoors,75,111.23,Hydro Flask
SKU-21562,L'Oreal Exfoliating Scrub - Pro Edition,Beauty & Personal Care,5,37.72,L'Oreal
SKU-33415,Under Armour Puffer Vest - Basic,Apparel,107,13.1,Under Armour
SKU-59231,Mead Gel Pen Set (12-pack) - Basic,Stationery,66,7.8,Mead
SKU-63236,Pottery Barn LED Digital Alarm Clock,Home Decor,66,28.88,Pottery Barn
SKU-29388,IKEA LED Desk Lamp - Ultra,Furniture,141,290.01,IKEA
SKU-71530,Instant Pot Toaster 2-Slice - Pro Edition,Kitchenware,18,17.15,Instant Pot
SKU-21471,OXO French Press Coffee Maker - Pro Edition,Kitchenware,6,80.34,OXO
SKU-51515,Levi's Puffer Vest - Plus,Apparel,4,33.85,Levi's
SKU-97562,SanDisk Mechanical Keyboard - Classic,Electronics,7,108.56,SanDisk
SKU-79351,Belkin Bluetooth Earbuds - Basic,Electronics,20,145.69,Belkin
SKU-61643,Nike Classic Baseball Cap - Ultra,Apparel,0,71.85,Nike
SKU-93297,OGX Hydrating Face Wash - Pro Edition,Beauty & Personal Care,9,66.15,OGX
SKU-10813,Columbia Lightweight Windbreaker - Plus,Apparel,18,49.34,Columbia
SKU-32843,Logitech 1080p Webcam - Pro Edition,Electronics,114,61.84,Logitech
SKU-96692,Crate & Barrel Throw Pillow Cover Set,Home Decor,41,43.98,Crate & Barrel
SKU-67984,SanDisk Wireless Mouse - Premium,Electronics,9,78.21,SanDisk
SKU-56218,Levi's Compression Shirt - Ultra,Apparel,75,63.63,Levi's
SKU-37537,Burt's Bees Tea Tree Shampoo - Basic,Beauty & Personal Care,69,39.97,Burt's Bees
SKU-90642,Nike Fleece Hoodie - Basic,Apparel,8,67.79,Nike
SKU-76049,Wayfair Folding Utility Table - Pro Edition,Furniture,70,230.66,Wayfair
SKU-66813,Bodum Silicone Cooking Utensils (10-pack),Kitchenware,4,88.77,Bodum
SKU-98361,Target Essential Oil Diffuser - Basic,Home Decor,21,37.01,Target
SKU-98247,Burt's Bees Aloe Vera Soothing Gel - Classic,Beauty & Personal Care,63,15.29,Burt's Bees
SKU-12998,Under Armour Classic Baseball Cap - Plus,Apparel,8,44.67,Under Armour
SKU-89913,Hydro Flask Running Waist Pack - Classic,Fitness & Outdoors,86,111.3,Hydro Flask
SKU-89950,Corsair Noise-Canceling Headphones - Premium,Electronics,142,108.59,Corsair
SKU-39874,Puma Puffer Vest - Plus,Apparel,0,49.59,Puma
SKU-55604,Pottery Barn String Fairy Lights - Ultra,Home Decor,41,16.29,Pottery Barn
SKU-84224,Target Minimalist Wall Clock - Ultra,Home Decor,31,25.83,Target
SKU-85929,Puma Cotton Crewneck T-Shirt - Premium,Apparel,25,50.34,Puma
SKU-80311,Burt's Bees Makeup Sponge Set - Plus,Beauty & Personal Care,0,22.45,Burt's Bees
SKU-30178,Columbia Cotton Crewneck T-Shirt - Classic,Apparel,85,14.68,Columbia
SKU-58698,Gatorade Running Waist Pack - Premium,Fitness & Outdoors,0,64.81,Gatorade
SKU-93375,OXO Stainless Steel Water Bottle - Plus,Kitchenware,4,61.66,OXO
SKU-27698,Herman Miller Mesh Back Task Chair - Plus,Furniture,9,214.1,Herman Miller
SKU-92873,Levi's Fleece Hoodie - Ultra,Apparel,76,56.47,Levi's
SKU-15919,Champion Fleece Hoodie - Plus,Apparel,40,17.52,Champion
SKU-52045,Gaiam Eco-Friendly Yoga Mat - Classic,Fitness & Outdoors,11,10.57,Gaiam
SKU-68260,Sharpie Graph Paper Notebook - Ultra,Stationery,2,17.69,Sharpie
SKU-56191,West Elm Minimalist Wall Clock,Home Decor,24,28.61,West Elm
SKU-90779,Gildan Canvas Sneaker - Plus,Apparel,2,28.26,Gildan
SKU-71012,OXO Digital Kitchen Scale - Premium,Kitchenware,45,43.97,OXO
SKU-58129,Sony Cooling Pad,Electronics,5,107.61,Sony
SKU-81849,TP-Link Wireless Mouse - Plus,Electronics,1,90.46,TP-Link
SKU-84749,L'Oreal Aloe Vera Soothing Gel - Basic,Beauty & Personal Care,8,27.63,L'Oreal
SKU-60050,Columbia Cushioned Athletic Socks (6-pack) - Pro Edition,Apparel,90,18.21,Columbia
SKU-35896,OGX Electric Toothbrush - Ultra,Beauty & Personal Care,79,23.08,OGX
SKU-26486,Lululemon Camping Lantern LED - Ultra,Fitness & Outdoors,13,36.5,Lululemon
SKU-14256,Philips Moisturizing Lotion - Pro Edition,Beauty & Personal Care,17,10.33,Philips
SKU-74559,Moleskine Sticky Notes (6-pack),Stationery,1,4.26,Moleskine
SKU-12052,Samsung 1080p Webcam - Ultra,Electronics,4,146.95,Samsung
SKU-40140,Cuisinart Cast Iron Skillet,Kitchenware,112,18.72,Cuisinart
SKU-83443,Gildan Athletic Running Shorts - Pro Edition,Apparel,57,70.78,Gildan
SKU-14276,HydroFlask Citrus Juicer - Ultra,Kitchenware,9,56.61,HydroFlask
SKU-15125,Herman Miller LED Desk Lamp - Classic,Furniture,106,207.52,Herman Miller
SKU-73636,Serta Monitor Stand Riser - Plus,Furniture,112,395.57,Serta
SKU-32486,Serta Folding Utility Table - Pro Edition,Furniture,123,100.85,Serta
SKU-99294,HydroFlask Ceramic Coffee Mug - Ultra,Kitchenware,50,64.55,HydroFlask
SKU-39095,SanDisk LED Strip Lights (5m) - Pro Edition,Electronics,25,135.98,SanDisk
SKU-67757,Post-it Graph Paper Notebook - Ultra,Stationery,8,8.99,Post-it
SKU-23674,Lamy Fountain Pen - Ultra,Stationery,52,17.64,Lamy
SKU-48475,Target LED Digital Alarm Clock - Premium,Home Decor,115,33.75,Target
SKU-48528,Dove Aloe Vera Soothing Gel - Ultra,Beauty & Personal Care,105,6.02,Dove
SKU-59117,West Elm Ceramic Flower Vase - Ultra,Home Decor,114,41.18,West Elm
SKU-48055,Gatorade Microfiber Travel Towel - Ultra,Fitness & Outdoors,90,21.14,Gatorade
SKU-96032,Sharpie Desktop Organizer - Classic,Stationery,0,24.76,Sharpie
SKU-32788,Anker LED Strip Lights (5m) - Ultra,Electronics,87,85.08,Anker
SKU-79628,CamelBak Ultralight Sleeping Bag - Premium,Fitness & Outdoors,3,23.84,CamelBak
SKU-21472,Samsung 1080p Webcam - Ultra,Electronics,6,143.18,Samsung
SKU-41544,Columbia Cushioned Athletic Socks (6-pack),Apparel,9,40.74,Columbia
SKU-31721,Corsair Noise-Canceling Headphones - Basic,Electronics,35,92.66,Corsair
SKU-97972,Paper Mate Dry Erase Markers (8-pack),Stationery,130,13.31,Paper Mate
SKU-18238,Columbia Knit Beanie - Ultra,Apparel,10,19.44,Columbia
SKU-60949,Serta Monitor Stand Riser - Classic,Furniture,2,290.35,Serta
SKU-51689,Target Scented Soy Candle - Basic,Home Decor,2,20.39,Target
SKU-54101,Swingline Binder Clips Set - Plus,Stationery,0,22.49,Swingline
SKU-72890,Gildan Cotton Crewneck T-Shirt - Basic,Apparel,118,70.97,Gildan
SKU-50250,HydroFlask Ceramic Coffee Mug - Pro Edition,Kitchenware,78,22.14,HydroFlask
SKU-18437,Puma Cushioned Athletic Socks (6-pack) - Plus,Apparel,4,68.07,Puma
SKU-60303,SanDisk Laptop Stand - Ultra,Electronics,75,137.32,SanDisk
SKU-15870,Under Armour Canvas Sneaker - Premium,Apparel,125,71.31,Under Armour
SKU-60415,Pilot Graph Paper Notebook - Basic,Stationery,35,12.75,Pilot
SKU-12386,Samsung Laptop Stand - Plus,Electronics,88,25.94,Samsung
SKU-81541,Bodum Toaster 2-Slice - Plus,Kitchenware,100,46.55,Bodum
SKU-39478,Hydro Flask Eco-Friendly Yoga Mat - Ultra,Fitness & Outdoors,0,103.84,Hydro Flask
SKU-70720,Philips Makeup Sponge Set - Plus,Beauty & Personal Care,89,31.07,Philips
SKU-64224,Yankee Candle LED Digital Alarm Clock - Basic,Home Decor,37,14.78,Yankee Candle
SKU-41992,Threshold Minimalist Wall Clock - Classic,Home Decor,8,26.89,Threshold
SKU-67177,Serta 3-Tier Bookshelf - Classic,Furniture,111,275.33,Serta
SKU-65645,Wayfair Floor Cushion - Premium,Furniture,99,337.59,Wayfair
SKU-84514,Yankee Candle Faux Succulent Trio,Home Decor,0,25.92,Yankee Candle
SKU-73871,Coleman Waterproof Backpack 30L - Premium,Fitness & Outdoors,6,70.0,Coleman
SKU-17117,Yankee Candle Ceramic Flower Vase - Pro Edition,Home Decor,94,35.96,Yankee Candle
SKU-69620,Lamy Precision Scissors - Classic,Stationery,66,19.2,Lamy
SKU-52969,CeraVe Hydrating Face Wash - Ultra,Beauty & Personal Care,124,39.62,CeraVe
SKU-69847,Steelcase Adjustable Standing Desk - Ultra,Furniture,0,99.38,Steelcase
SKU-80102,Belkin Noise-Canceling Headphones - Basic,Electronics,94,122.31,Belkin
SKU-17356,Yankee Candle LED Digital Alarm Clock,Home Decor,10,15.1,Yankee Candle
SKU-76275,Coleman Waterproof Backpack 30L,Fitness & Outdoors,98,85.77,Coleman
SKU-27582,Cuisinart Toaster 2-Slice - Classic,Kitchenware,3,73.08,Cuisinart
SKU-63677,Pottery Barn Minimalist Wall Clock - Plus,Home Decor,145,41.56,Pottery Barn
SKU-51307,Champion Knit Beanie,Apparel,55,14.55,Champion
SKU-49986,Paper Mate Binder Clips Set - Pro Edition,Stationery,2,15.92,Paper Mate
SKU-37858,Nike Knit Beanie - Ultra,Apparel,0,63.09,Nike
SKU-56744,Sony Bluetooth Earbuds - Basic,Electronics,0,119.58,Sony
SKU-89594,Levi's Compression Shirt - Ultra,Apparel,117,59.23,Levi's
SKU-43237,Paper Mate Desktop Organizer - Classic,Stationery,110,19.21,Paper Mate
SKU-88203,Columbia Leather Belt - Classic,Apparel,131,21.47,Columbia
SKU-25231,Coleman Waterproof Backpack 30L - Plus,Fitness & Outdoors,51,27.56,Coleman
SKU-67132,Logitech Laptop Sleeve 15-inch - Plus,Electronics,4,109.33,Logitech
SKU-69413,Corsair HDMI Cable (2m) - Plus,Electronics,111,119.2,Corsair
SKU-31653,Threshold String Fairy Lights,Home Decor,19,16.66,Threshold
SKU-13270,Adidas Compression Shirt - Plus,Apparel,149,16.66,Adidas
SKU-58531,Hydro Flask Ultralight Sleeping Bag - Premium,Fitness & Outdoors,103,73.72,Hydro Flask
SKU-29360,Fully Ergonomic Office Chair - Ultra,Furniture,3,326.65,Fully
SKU-34122,IKEA Memory Foam Footrest,Furniture,138,175.45,IKEA
SKU-77646,Columbia Classic Baseball Cap - Premium,Apparel,1,72.03,Columbia
SKU-62223,Pilot Binder Clips Set,Stationery,93,30.15,Pilot
SKU-35773,Pottery Barn LED Digital Alarm Clock - Classic,Home Decor,21,35.09,Pottery Barn
SKU-77378,Fitbit Agility Ladder - Premium,Fitness & Outdoors,3,18.1,Fitbit
SKU-32735,Yankee Candle Table Runner - Plus,Home Decor,5,10.94,Yankee Candle
SKU-41208,Serta Ergonomic Office Chair - Classic,Furniture,66,248.55,Serta
SKU-38900,Philips Makeup Sponge Set - Pro Edition,Beauty & Personal Care,137,38.63,Philips
SKU-35075,Levi's Athletic Running Shorts - Premium,Apparel,75,69.55,Levi's
SKU-17301,Under Armour Compression Shirt - Pro Edition,Apparel,10,62.31,Under Armour
SKU-73186,Fully Floor Cushion - Classic,Furniture,0,378.4,Fully
SKU-56295,Gaiam Waterproof Backpack 30L - Pro Edition,Fitness & Outdoors,0,112.76,Gaiam
SKU-76627,CeraVe Tea Tree Shampoo - Plus,Beauty & Personal Care,6,50.06,CeraVe
SKU-89470,Samsung USB-C Cable (1m),Electronics,48,19.45,Samsung
SKU-87332,CamelBak Running Waist Pack - Plus,Fitness & Outdoors,12,117.93,CamelBak
